cell_type,"BBIBP (V3, D14)","BNT-I (D10, hospital)","ChAd-BNT (V2, D0)",I (D0-4),I-BNT (D5),"ZF2001 (V3, D07)","BBIBP (V3, D28)","BNT (V2, D1)","BNT-I (D26, hospital)","BNT-I-BNT (D51, hospital)","ChAd (V1, D7)","ChAd (V2, D3)","ChAd (V2, D7)","ChAd-BNT (V2, D3)","I (D10, hospital)","I (D26, hospital)","ZF2001 (V3, D14)","BNT-MO (V3, D1)","I (D51, hospital)",BNT-I (D0-5),"ChAd-BNT (V2, D7)","ZF2001 (V3, D28)","ChAd (V1, D3)",I-I (D0-5),"BBIBP (V3, D07)","ChAd (V1, D6)","BNT (V1, D6)","ChAd-BNT (V3, D1)","ChAd (V2, D1)","BNT (V3, D1)",Yellow Fever/LA (D1),HIV/VV (D1),Pneumococcus/PS (D1),Influenza/IN (D1),Ebola/VV (D1),Malaria/SU (D1),Varicella Zoster/LA (D1),Tuberculosis/VV (D2),Yellow Fever/LA (D2),Influenza/IN (D2),Ebola/VV (D3),Yellow Fever/LA (D3),Smallpox/LA (D3),Malaria/SU (D3),Influenza/IN (D3),Influenza/LA (D3),Pneumococcus/PS (D3),HIV/VV (D3),Meningococcus/PS (D3),Meningococcus/CONJ (D3),Varicella Zoster/LA (D3),Influenza/IN (D4),Yellow Fever/LA (D5),Influenza/IN (D5),Influenza/IN (D6),Ebola/VV (D7),Yellow Fever/LA (D7),Smallpox/LA (D7),Tuberculosis/VV (D7),Hepatitis A/B/IN/SU (D7),Influenza/IN (D7),Influenza/LA (D7),Pneumococcus/PS (D7),HIV/VV (D7),Meningococcus/PS (D7),Meningococcus/CONJ (D7),Varicella Zoster/LA (D7),Influenza/IN (D8),Influenza/IN (D9),Smallpox/LA (D10),Influenza/IN (D10),Pneumococcus/PS (D10),Yellow Fever/LA (D10),Smallpox/LA (D13),Yellow Fever/LA (D14),Malaria/SU (D14),Pneumococcus/PS (D14),Influenza/IN (D14),Smallpox/LA (D21),Pneumococcus/PS (D21),Influenza/IN (D21),Yellow Fever/LA (D21),Yellow Fever/LA (D28),Influenza/IN (D28),Pneumococcus/PS (D28),Yellow Fever/LA (D60),Influenza/IN (D70),Yellow Fever/LA (D84)
Myeloid dendritic cell activated,0.025174486824710025,0.04136839503975603,0.09107790353102005,0.17508496213144123,0.13585997510980427,6.137732564648363e-19,0.08319284337956626,0.11064083342955072,0.07107429106412183,0.11977946584683953,4.211050715930921e-18,0.028424767188815456,1.4148863106261739e-18,0.20799603466236224,0.03935656217825893,0.06334917634151004,0.08857483116947334,0.08062407374353121,0.04932412614432755,0.05882796742885653,0,0.12021678228506343,0.16920493499986958,0.34613183495353905,0.00407038251805191,0.10567808649982095,0.12609035992753123,0.10400321391670753,0.10743321880877692,0.10078882204130132,0.037127349907058245,0.19798206584637976,0.08276425827115433,0.2604060225432129,0.2398361644558521,0.17660995138276633,0.07713006407210134,0.13632635174414062,0.13249588714119917,0.1579174268544664,0.27785510445732703,0.2557371093477904,0.07646463903086342,0.14609245219013403,0.15560026996762616,0.06741182156230863,0.10404018595126735,0.20980483229070088,0.10370247684168238,0.10608926026695206,0.09970210137963045,0.1224439683729175,0.1065962560399097,0.10298081289300035,0.10134930859771811,0.14917779978817672,0.3007714983491791,0.10427963501386021,0.10356838376826658,0.10204832138336849,0.0932388103948264,0.06324410955309641,0.0963285046556692,0.10166157894605823,0.10333034561506926,0.10356480690340134,0.1030113781692417,0.10381695980657865,0.10248597771151978,0.12173918047778585,0.10131431285248599,0.10495639567496166,0.16528324129637015,0.1029979592015254,0.08489552381996758,0.11993515442492629,0.10416516866810896,0.10697348579278185,0.10579824171763018,0.1038037466130893,0.10172427959790421,0.09776930014704355,0.08193269013618767,0.09684971515063773,0.10194047867058094,0.09695665238286369,0.1379504751357017,0.09939833417219412
B cell,0.34374131118694395,0.27085348852852925,0.42507554551334237,0.5173317795558696,0.4067837364823499,0.47799391086498605,0.37474796944266714,0.3735400878234764,0.06591211585259359,0.08311563328569913,0.7956178292524242,0.31885104067512954,0.3530644320778705,0.11267597794672639,0.4406248147904378,0.44479534060877934,0.5240801435087042,0.39098150355707484,0.47721599046588503,0.192992791856274,0.6266859932006585,0.45510772941490596,1.182886328990505e-18,0.39890502833270497,0.423386589836189,0.39295040716681284,0.33670662417780184,0.38116793014519096,0.40897807174346695,0.37525062066722253,1.0218382792396294,0.36497840852598695,0.22808652468503923,0.0038715373191849805,0.037840933562846346,0.12128529558146636,0.38673349256412914,0.39385295918582375,0.3649557128072094,0.47799687616977315,0.2056697522345097,0.2551514939508486,0.3769769216284856,0.06519952585500222,0.060774758314199595,0.479842020341473,0.3797980781314702,0.13430972201855643,0.37941092756314665,0.3703383114775569,0.3796436663056001,0.3821205751496787,0.39079895667614056,0.3840150959269498,0.39249851586815465,0.3337700809170124,0.16879225843509693,0.3791117441267798,0.37726269236776316,0.3740467254739878,0.8250161644400626,0.3956001550316269,0.4869686793048025,0.39668450759692636,0.39828850844446484,0.5819234280274882,0.3957192622151647,0.3795199303671147,0.3815420903180054,0.3769944275377448,0.40146841822442764,0.3758808926228306,0.4404929713054293,0.3782144514685577,0.44615668673401165,0.24222675041823327,0.3893000938308413,0.4259951534017054,0.382768153256374,0.38936087749027565,0.40365448155009026,0.35795717894442514,0.6556966066528207,0.3961351524508948,0.4016629511554687,0.38343320578015344,0.40540035723297774,0.326918255040701
T cell CD4+ memory,0.026509711923598682,3.0351785723514117e-18,0.06412921360981079,0.017778073350702427,0.0931825282981574,0,0.10809823308005849,0.2164905771386959,0.15962340979115153,0.15167394945181906,0.38443865812118855,0.11271498355208188,0.2478909631851407,1.8268835553614e-18,0,0.06992264410857311,0.0901162087009857,0.14106918695143944,0.012414520856776272,3.491683245076224e-18,0.17000775741598229,0.0974569502611323,0.0835201214836606,0.014905063367981293,0.13172671348581189,0.18159049906809793,0.13349144360549683,0.18157557340753908,0.16117740836311106,0.16394467589195455,0.2999420437975141,0.046341351209165514,0.15397942547722226,3.750446198567103e-18,0,0,0.1864490839302208,0.2043290503254927,0.06147691025865218,0.19648016356855208,0.2400756629731019,0.06226717793386971,0.1798885659159677,0.10415699891079798,0.09382662091855183,0.05933098886930853,0.18254512101900477,0.14444239245308427,0.180847093071223,0.1805468260583127,0.17894649469417778,0.16932918452351933,0.19458871758828325,0.1841682354012316,0.1786999256844244,0.18333643623489215,0.11123524918273943,0.18071045027129387,0.177210955470857,0.19389153994615896,0.15312490717796826,0.05596634875360781,0.16664801606953958,0.18129039881594033,0.1810355615675625,0.1676825666373383,0.18251000795959088,0.18116407472247475,0.17838880057204218,0.17720213539800836,0.18368737982669794,0.19533867376127503,0.16611641716639725,0.18778893698468513,0.17143133039414915,0.2710536291955331,0.18101728930249295,0.13089339597065422,0.18047448313596373,0.18191460180920666,0.30037715674716053,0.1671596832893288,0.14388092382217138,0.17661380320920375,0.1804557863555999,0.17945275711566275,0.3963176302120829,0.16037658161309828
T cell CD4+ naive,0.43927285609355077,0.018544480771035404,0.5464921604610257,0.05954616553949162,0.5181502221525361,0.3234061210017128,0.4031665704657075,0.4898145450960848,0.1881529060083604,0.19028130619378025,0.35364853805036756,0.5571569242427379,1.0369310142940635,0.37926475635176343,0.016498997786018824,0,0.4509820237137679,0.39244556534452807,0.1885471137613808,0.05482938807219852,0.8598704017634489,0.426982629900984,0.20348344143323563,0.16350514446764775,0.5322909410792322,0.5120514030938554,0.5169308785975678,0.4532447472780605,0.42623115987422167,0.4442945360642652,0.578204709119949,0.041834864249336794,0.37019679192326704,0,3.6152624904618606e-18,1.0366062672292739e-17,0.48813809916171136,0.48084093023131547,0.4688106314684746,0.4750433837595159,0.45171738492783514,0.27396535497504,0.45151675935286484,0.386274169664725,0.43501872485420956,0.4763473468085698,0.45193121976152345,0.3786771903544552,0.45274808972605435,0.44976467884822663,0.44859299335812003,0.5804472718624736,0.48624301349758614,0.45796933102680093,0.47492080406160564,0.556049341616721,0.3779167569771121,0.4512410625507628,0.43856828325346403,0.5555607272258822,0.5129333408615929,0.50587396823692,0.44407035191683275,0.45094879657609266,0.450221837690574,0.3943113760332027,0.44783535748380654,0.45177586931871766,0.45572199236125266,0.4561322588260713,0.44699551399612386,0.44401350118252486,0.42927036941739904,0.4576048371756555,0.4859083183674294,0.41304420693432736,0.4504869692678475,0.41730218470398045,0.45052700637445586,0.44705996385201874,0.4718218029744534,0.4953897195675453,0.544284859329377,0.5509300287479277,0.5148795276081125,0.4532329883788989,0.7545417393272468,0.5083157321091569
T cell CD4+ (non-regulatory),0.02925609978492801,2.311522507699399e-17,0.04026548735824296,7.598776024688404e-18,0.047335054957637526,5.5328702610279106e-18,1.6360193827657637e-20,0.10680544758722206,0,0.16799145914801533,0.29788237570166254,0.1630362243118623,0.2667618033319858,7.192672726011288e-18,9.493501984647832e-18,6.392334271492082e-18,0.24244049554399272,0.06580295729867619,9.628616838132674e-19,0,0.135692926571115,0.04408282636942573,9.701434105853761e-18,1.0308152006107443e-17,0.10422580324483811,0.08711576776719913,0.09238884992462286,0.08919270820726041,0.07831507786704521,0.09145064151424721,0.02484365455928304,0,0.0737362208747635,2.9848560699730286e-18,3.589916939325791e-17,0,0.11586666304372634,0.11595366688864456,8.719274310983133e-18,0.09193642400495693,0.09227802966501193,7.306486567522284e-18,0.08912106997798644,0.044073163820513114,0.04638608542987975,8.720967041286334e-4,0.08914600157795058,0.04476207109954413,0.08954782775623174,0.08926700165197142,0.08592835050548907,0.10532076054544817,0.08541292270825969,0.08488122843858814,0.08823510042898157,0.10001412710201293,1.0615238661924473e-18,0.0891175693866626,0.08555576727404851,0.08538876793229704,0.05859613713581803,0,0.08755180020312567,0.08873145204006302,0.08853229070908397,0.07765330357412963,0.08625908561178536,0.08919607694519827,0.08479110383324953,0.09032828936519757,0.08484580755044516,0.08992850904834074,0.07951621113327186,0.09077184275315221,0.0562613490949651,0.1402490475855319,0.08758526188120105,0.08651454374031041,0.08877441504213378,0.0910096315287045,0.13743670208311687,0.06798550196481808,0.0315905797867058,0.13624119669310392,0.09003853468505754,0.10360369606704911,0.16403633294085201,0.0994516935286608
T cell CD4+ central memory,5.515547388740123e-19,2.6555795595243513e-17,0.03653078771155498,0,0,4.008659837375928e-18,0,0.00918960216001775,1.4344809499068828e-18,0.012731564262520555,1.0968324814701195e-18,3.27175146611507e-18,0.05364677374007742,1.5253231368818558e-17,0,0,0.07747331043196762,0,0,0,0.14421827501833692,0.08830863904881094,2.531551068226676e-17,0,0,4.842972160664749e-18,0,5.4907231734499664e-18,0,0,0,0.03532576043582289,0.021539691019262255,4.07040915624437e-17,3.897863656919417e-18,0,0.007625923433729111,7.368741819751289e-21,0,2.306293876625281e-19,2.501879179617474e-18,0,0,0,3.2187823343483452e-18,0,3.0842136584426097e-18,7.871083063629717e-18,0,0,4.18161362029917e-18,1.2856364854170177e-19,0,0.0016596821527411901,0,1.1808868831245894e-17,3.321508844506214e-18,4.620898089631527e-18,9.340742061836597e-19,9.091834901297515e-19,0,0,1.829006545419471e-19,1.594300912294074e-19,0,0,0,0,2.949232452266194e-4,0,0,2.993983643258595e-18,0,0,0,6.792119764936921e-21,0,1.4756176871738447e-18,0,1.813305999506826e-18,0.034543238948846054,9.096203068203023e-18,0.023640886237352467,0,3.9140963129689996e-18,0,4.6320156686759266e-20,0
T cell CD4+ effector memory,2.5041090559460848e-17,2.776358721952119e-17,6.903975797664585e-17,2.0910344688320234e-17,3.4333076756235723e-17,4.149237424226151e-17,2.3069116122611805e-17,2.4217090009648846e-18,0,0.012389563014841872,3.676733565207557e-18,5.77458105403671e-17,0,0,0,0,7.697556314161734e-18,0,1.8226468514422262e-17,2.612811876635845e-17,0.01299503303271489,2.945783713436093e-17,0,0,3.724540203558025e-17,2.3953403051948772e-17,0,6.44673688294168e-18,1.0564260291643858e-17,6.255170183664976e-18,0,0,9.735019864116232e-18,0,1.5144914655881174e-17,1.0191905311981684e-17,2.6559259373015454e-18,5.708512319478408e-18,2.6198505658970205e-18,8.96212652621356e-18,9.57119972711531e-18,1.0168380141924094e-17,3.4199555345491306e-18,6.636254175736522e-18,0,6.772033279995621e-17,1.675652422879352e-17,5.7972319602452885e-18,1.3465155384875662e-17,3.429633501861751e-17,1.2102517258632984e-17,0.01684112318129506,9.724421284493718e-18,0,1.430348626119138e-17,0,0,2.0172086509653308e-17,1.7440264201348818e-17,2.8900381112115586e-17,2.9804575947948765e-17,0.06634703449807475,0,1.893934459698736e-17,1.7052919108620114e-17,1.8105598141674157e-17,0,1.2545455558130657e-17,2.760462882844041e-17,8.99682208435692e-18,1.6138020191047965e-17,2.192521873796507e-17,3.727369348383248e-18,1.1457800709904833e-17,1.199148190928271e-17,1.503323497414305e-17,2.919442370947712e-18,2.4998151819426647e-17,1.2283027745005096e-17,1.3190233779166201e-17,0,3.7036965400320653e-17,0.026955202304014755,0,5.332372706749025e-18,1.7018254683278017e-17,0.0023911510336475537,0
T cell CD8+ naive,0.038836993247682076,0,0.13069338863255633,0,0.09408989719451671,0.013436213020032785,0.05174739126169213,0.0189931600582028,0.13125997874574508,0.43373714392159873,0.1978313063768793,0.16864268145670427,0.21758096106371574,0,1.7114241124932316e-18,0.03528403608377203,0.15861419614004652,0.0835350926493506,0.22861334692122204,0,0.014170397527171858,0.11436053271574975,0.04566493488377627,0.024620150388737085,0.008232951147789663,0.0938428291689478,0.04224222812903459,0.08985684606138043,0.09503676382855492,0.07375850185175964,0.044136243378795764,0.013995792576040922,0.08034245941001623,4.28886965337175e-18,0.01881863970690278,0,0.06738435257503839,0.01754983414685207,0.11554523374388959,0.0970161798487952,0.026659276248356102,0.05715867703074099,0.08812391890134091,0.09244201991266218,0.05349769174517233,0.04078385655488705,0.08915383977199069,0.08295960721941342,0.08832026696492079,0.08918421550701591,0.08947401025019883,0.13828711404776026,0.15186431156354716,0.08768358594206767,0.0883508444529851,0.07804823689157359,0.018538413029825593,0.08878087769987797,0.0878324521725592,0.10856827901842149,0.13419122540097317,0.02524315911342295,0.08299086880440844,0.08910313169703,0.0890078166932839,0.07316773473076041,0.08851109092550612,0.08897349241408332,0.0882246513210369,0.08803747926926214,0.08768289390238462,0.08749772403811476,0.08433528090315004,0.08506139309122646,0.11148390247468005,0.11022512089321258,0.0884182035811376,0.10332227002594466,0.08843797091513632,0.08856837321933475,0.08830720251027491,0.08072931920344312,0.09695174945422541,0.08459218289523363,0.08779583133900105,0.08790464396162372,0.10019087932555092,0.10174206962605713
T cell CD8+,0.4926743857661746,3.01625959637183e-17,0.6165437662757595,0.2645597167418901,0.701509617294139,0.2555464902699858,0.4398769022802735,0.15580256766028502,0.08298543104436854,0.200834601713551,0.4168137692913983,0.5584103202935793,0.8360130936417787,0.3532512640525884,9.44913315861574e-18,1.168085176385641e-17,0.4009543595644243,0.41664121863810616,0.1892069237677315,0,0.6892194628884144,0.39133459151187283,0.27595511016543994,0.36413030357015846,0.5505483331346707,0.4907343029281868,0.493250341560631,0.4747870249019883,0.4826394872865262,0.46845009560923306,0.542080183168154,8.135696940125533e-19,0.41000073345443305,2.762439644216074e-17,0,0,0.3496175407886572,0.3250818202297222,0.5382281562811798,0.37655665653867054,0.562488124092182,0.23954855759073607,0.4709719427307531,0.4694295830967837,0.41170786795072806,0.5530041687784736,0.47398616567887886,0.41746493032469006,0.47328040631140794,0.4743205661671486,0.4792923204347929,0.46891605593284563,0.48471348711983314,0.4774612946978677,0.4790997869934254,0.6187789114135984,0.1498378113644176,0.47291368941547046,0.48864388830958816,0.5299275218045001,0.5312703288779462,0.61545779653128,0.4780017489621391,0.47471828315206976,0.4723354151629218,0.431127511398252,0.4705487447953676,0.4735328409486963,0.476844790024365,0.48814327566416643,0.4681704829063653,0.49266650365701575,0.4519274818894177,0.48930869175841557,0.5289213415610793,0.340960800277383,0.4774061851618723,0.40533486855843526,0.4719450805160407,0.46889249829634405,0.477373462879865,0.5046653057412257,0.396352553711325,0.6226309330664426,0.4647754035170862,0.47130918768061913,0.6623940898663441,0.5379788029334979
T cell CD8+ central memory,0.13768667110253474,2.937184004096904e-17,0.10031239262779777,0.20570242399896965,0.1899146503403151,0.03270182115780127,0.11714985601668572,3.229203339810585e-4,2.024057353291967e-17,0.028701171272747565,0.2914099123415664,0.27790742627681086,0.3368283545292775,0.05223050944036669,4.037387669495416e-17,3.655210676164899e-18,0.14548766895898385,0.1483350148099408,0,0.0027052865217396193,0.17312114696843847,0,0.13225654645658583,0.2247610173158576,0.16420677916031468,0.15157529960326951,0.13019876709774014,0.1570888259854733,0.17202221851062394,0.15796011078526104,0.2729602922226426,1.1925581997927646e-17,0.12013654866337327,0,6.663369340860247e-17,3.0352891410811707e-18,0.08746763840576148,0.12067036927108814,0.14236575868560034,0.12533351879025903,0.2061859861981569,0.13433820313211084,0.15567461606717764,0.17890921938991622,0.13085946287838926,0.18020151977476395,0.15689857685259337,0.11610155439660595,0.17912315302354906,0.15689541767420295,0.1564016598112817,0.18453023720035008,0.18996085216713376,0.17333665520366445,0.15667558049903044,0.14897320537350223,0.09591280846312876,0.15655509005362792,0.15535328373240298,0.1326766597733347,0.1595102846260286,0.1391209763710995,0.16989281081519025,0.1571080151183527,0.1563991498445302,0.1319697887610656,0.155711513679295,0.1567780921338846,0.1552621251127236,0.17193651365662355,0.15287042710340148,0.15527351422570596,0.1291690452863037,0.2665774225364813,0.23426111375179187,0.17423485618481208,0.16292246197820404,0.26184407293623313,0.15622219253939154,0.1536356123079739,0.1486001422767707,0.20579411221767793,0.12893401136580174,0.11848872215379568,0.15474400168889424,0.15295500658004438,0.24740319833353916,0.12662611909532728
T cell CD8+ effector memory,0.11632062700008342,6.885594601785294e-17,0.12865253598173415,0.25151878558817603,0.2179836991854538,0.08185235351073147,0.06688124381866208,0.042639068309792395,0,1.2539979020875929e-17,0.0627227381429637,0.004755120435315476,6.026186057814918e-18,0.11690304208238592,5.681310067735815e-17,3.913840275024588e-17,0.04620361281715229,0.13310359658792809,0,0.13191943327748706,0.2626624407566496,0.13479594287668858,0.2139775656977837,0.20588427485575161,0.18107453226429945,0.17616885278372252,0.0860384336677025,0.14859100293340086,0.12561347603305145,0.15312699071334976,0.14207700342791213,0.018393490939841644,0.15784750843762635,2.1985505541250344e-17,8.015718153029727e-17,5.455805140543322e-18,0.12266793450079025,0.1769926559314721,0.20533372223546806,0.10925402623010835,0.37010857983460693,0.14516959151304784,0.15062907021673994,0.2100167247279799,0.1647999468231901,0.16931522795191536,0.14866773437983594,0.1724311732377506,0.14298694789056782,0.1486432528361529,0.14731043061028534,0.15123191750351458,0.1472284652210801,0.14339287249143087,0.14934155422184534,0.4446139946337188,0.1282481875518349,0.1485802286948635,0.15489603775003233,0.14586736898750277,0.1463549671829907,0.2769926152545662,0.14490159756345525,0.15082679726153034,0.14868248632440625,0.14890711978527138,0.14861676257341105,0.14863143654087282,0.14907547739544066,0.14637807171459077,0.15541978987404445,0.15225110488855725,0.21020097230910276,0.15142396201225367,0.14338335422206577,0.013946176372457096,0.14690492432175528,0.07268998083591376,0.14812717635738193,0.1620841800222342,0.13699453858426833,0.1566041558801561,0.12146486507506804,0.11251905548136522,0.14814635750793143,0.1504306281767812,0.17712333421501356,0.16251311422069717
Class-switched memory B cell,0.14294158578481964,0.2718242250120303,0.2526055957312949,0.17229870629970215,0.18843358307898664,0.2714409953565925,0.14049820344096386,0.15983707341982287,0.0402060878031131,0.07005568157710512,0.5771070420877856,0.12739092693921783,0.18616741340440085,0.08667491108538354,0.3656959215769078,0.3997916746714437,0.30247579475274516,0.13661222562059638,0.3705303218243747,0.11944918974103418,0.4434696510803232,0.23333037209920995,0,0.11310075632833785,0.1507852732076688,0.16276699640463543,0.1554696568900448,0.15692758948763788,0.15668908822667266,0.1560153258388526,0.25569775568285125,0.21125586614520778,0.14964087575967353,0.15589761454024634,0.037078888702122816,0.17253552051983748,0.16003454423663602,0.1610460007501717,0.14034717566283147,0.13449394383956276,0.05775333937948838,0.10190979880284556,0.15500639851232118,0.10999566011647659,0.11790269239506695,0.18198146849556612,0.15600614667059462,0.06694577212686412,0.15580897348117012,0.15607732229079807,0.15624316159967042,0.22789441209662686,0.1606564518211553,0.15510004344749612,0.22990110175498107,0.1584192534860931,0.11663963250819025,0.15565736490270438,0.15440920833824553,0.20532348943893064,0.5796240677444576,0.15533480823904203,0.43278520032513773,0.2309806150291595,0.1573977644182126,0.4880350445846637,0.2302167201808599,0.15584049062816568,0.2380751621040218,0.15484869055873904,0.15465955559991335,0.15402332092947793,0.13701558567385236,0.15554665515520452,0.41996126124669103,0.2740032556741289,0.15544222210118352,0.31238538318267867,0.15597008052782596,0.15749475669785393,0.14987608821128243,0.1517906037698947,0.2982471076661997,0.14298378736076486,0.15038119304557254,0.15339564632160319,0.16260907901268412,0.15772901508770829
Common lymphoid progenitor,8.1692765452090625e-19,0.3615033390471237,0.1446326223823506,0.24306864472151551,0.20383325287992748,0,0.026840701862482642,0.154072532649411,0.3830329461958318,0.7076985431244658,0.2561524137097566,0.24899631929862553,0.13933969158053122,0.12589002176115785,0.24674807646145244,0.3064770378500799,0.16107239915323465,0.23348232409554517,0.3867314767527353,0.001034324218767874,0.029683856538527086,0.12104760944625526,0.4843487779530972,0.19910421450453528,0.1842440298939219,0.0954619729680694,0.12651381841995507,0.15486645235704344,0.13094789643883087,0.15332978531626756,0.15647622506212483,0.14580976666038425,0.06271791754500887,0.11522461623428606,0.09303999506224783,0.02544082580432873,0.15675266000771929,0.15631846671651373,0.17054661266910318,0.142368369910445,0.37592690118849786,0.16233779564253223,0.15024802090426762,0.04099732302167464,0.16709867326538025,0.19179717281080866,0.15400808929662368,0.12882944721363657,0.15351274696568476,0.15479110494050058,0.15387459760074843,0.2197628355563408,0.1399151746003018,0.15189670604292746,0.15243536823269685,0.14622602765922724,0.14041484610598545,0.15324922779579564,0.14974627443319086,0.13899496817082552,0.24986558448519364,0.11943362479065378,0.22964671889916985,0.15354730132464942,0.15375536692487407,0.16200429619757106,0.15250675914315104,0.15381673200699644,0.1525745290762426,0.15272303427852638,0.1500726481174679,0.239890343811655,0.16229667618518503,0.1518918474256327,0.42666541236647054,0.08378196376006963,0.15300147987993462,0.15833849222152233,0.15324912289074116,0.16863678621084846,0.15755849110650874,0.17771046348917074,0.34424647505733985,0.15925313602309368,0.15165080933057512,0.15252295160363535,0.16392748546599314,0.120713116099881
Common myeloid progenitor,3.5321781696580085e-19,0.0994826810689089,0.1018482229789567,5.858965238832872e-19,0,0.02367312619911275,2.7303872515140088e-18,0.012787567906109071,1.4411845378889517e-19,0,0,9.8710330012677e-19,0.03722796887827413,0.040128065010779396,0.024860852625154924,0.12355982057065629,0,0,0.028208718333144926,0.05688035703147164,0.04281625873634968,2.2375777577355993e-18,7.242272742870518e-18,1.3020022274354538e-18,0,7.397372556001534e-19,1.7023205377404627e-18,0,0,0,0,5.572374334804666e-18,0,0,0.016346731046611322,0,2.8390411617808013e-18,1.832754084184112e-18,9.926730694923495e-19,7.393798481796648e-19,0,3.870177265392483e-18,0,0,0,0,0,0,0,0,3.276508638375552e-18,0,1.1251541044148114e-17,5.034577219770654e-19,0,0,1.216821290344324e-18,0,0,0,1.1132204374421015e-17,5.866930709596682e-19,0,0,0,8.617464937715442e-19,0,0,0,0,0,0,0,0,3.6552484981975474e-18,0,0,1.9347803402095584e-17,1.1843338919844052e-17,0,4.515954857089257e-18,0,4.506779745375925e-18,1.6896381873851057e-17,8.348874417698157e-18,0,0,2.857001291385114e-17
Myeloid dendritic cell,0.004413853572824459,0,0,0,1.9008130732366841e-19,1.2028322348878464e-18,6.295233599039077e-20,0.017168689283170974,0,0,7.024899839234684e-19,7.742332509586949e-4,0,2.991307479017021e-19,0,0,0.0065141774031678215,0.006284019637267472,7.660445501447055e-19,2.178099776689035e-18,0.005238694028292549,0.0048076385118777714,9.851432612187472e-19,0,0.003562295332881156,0.013256737102448596,0.012348754762354875,0.0141234650070099,0.013600591310156706,0.012940079895556015,4.842430069148507e-19,0.0013221267203992778,0.010650279131099904,0,0,0,0.0178744707172921,0.01498023999694247,0.00886414236510506,0.011734959015424578,0,0.0177153354249683,0.016503501954561104,0.006129271624213249,0.007308973853448532,0,0.014115415044918974,0.013223762316848488,0.01405948012903116,0.012923862422967445,0.013710021721349221,0.01500454573859904,0.012056693766360163,0.015626525083296462,0.013002405300054384,0.005168959029599927,0.008235256500488876,0.013793851798423627,0.013397590675102483,0.0032762450851963167,0.0017314881319692571,0.006662412732431116,0.011563217206479834,0.013418198233154622,0.013803942276845716,0.006428909738476983,0.013721623884531612,0.0141567844467075,0.014897242371267732,0.014014162058200831,0.01351600849766876,0.013249177855826612,0.01200502812551785,0.01348040514921165,0.004445945824334585,2.692128608068238e-18,0.013047741502985781,0.006871920806377075,0.012961710207640571,0.014029349579454958,0.014953080096099754,0.008866135463099185,0.009687499450116875,0.0022779393371843448,0.01188058128514029,0.01200870759475715,0.017978358254938032,0.009743455752097115
Endothelial cell,0.019298433416226737,5.575377207110946e-20,1.2783044861186874e-19,9.812763612399233e-4,5.12538289751958e-20,0.06610760371500583,0.03956602739962649,0,0,1.4859408446082677e-18,0.013629363577625182,1.6682240426558976e-19,2.3952309429238764e-20,7.714202063983488e-19,2.771136137983884e-18,2.8783321595789654e-20,0,0.061116509510857356,0,0,1.4130596754470485e-4,5.245432149075014e-4,0.011543082693192059,5.09246219836651e-19,0.003619602523615784,0.001982382335214195,0.03685743904846937,0.0010167360415377978,0.0017046129095139619,0.003700703658297022,0.010073024141811592,2.3377443839963703e-4,8.154909022804781e-4,0.011081463589931997,7.64543852380104e-18,0.005620702204442649,4.5119577657891575e-4,0.0011339376455244332,0.0018714254599538967,0,0,0.00218067157210839,8.703297456949395e-4,0.0011032353374349141,1.8154169549618974e-19,0,4.852044974434594e-19,0,0.0010482633066600663,0.0014438825714406514,7.219945216208681e-4,0,0.0018958072240602114,0.0015088139146735428,8.023255012867784e-4,0,0,6.761636645478172e-4,8.954735957667859e-4,4.0737313197048654e-19,0,7.44715584366743e-4,0.0010954429927850706,0.001494739761187397,1.447594655858968e-20,2.687459549887754e-20,7.304713765542513e-4,0.0010233434838870616,6.563787608392474e-4,9.1138761052472e-4,6.194492825732968e-4,7.123940190046795e-4,3.1363483326322353e-20,8.975721346235634e-4,0,2.5962359905766153e-18,7.365671964758188e-4,0.005576407688489401,2.5200492336143723e-19,0.001798713504721801,4.5300975173755717e-4,0.0025518422244860226,0,4.3068843051847127e-20,4.738716852066888e-4,0.001276690594292003,0.006814489535103431,0.0018698055238086594
Eosinophil,0.057765491034284765,0,0,0,0,0.0164452772709606,3.825102368141689e-18,1.5744958976550951e-18,4.924892580644995e-18,6.614579927279009e-20,0,0,0.02191774693349278,0,2.7543184188484482e-17,0,0.009119898440966298,2.56101858554829e-18,9.221455515222853e-18,2.289346877688829e-17,4.3394693283065725e-19,0,1.1871512387289493e-17,5.5148710538274795e-18,1.0622797749215126e-17,0,0,0,0,0,2.279606442804519e-17,4.686601549517419e-18,2.893246935302145e-17,0,0,3.647904100906056e-17,1.841638830059685e-18,9.921612664572642e-18,0,8.519552475563363e-18,0,5.644041324004552e-18,5.3536376291096195e-18,0,0,0,3.542719186594795e-18,1.8475663692687735e-18,2.8051991365640697e-18,3.894068240179887e-18,0,3.720683579175921e-18,2.4426373969979954e-18,1.335793963427547e-19,0,1.0648096549424796e-17,3.751727367611505e-18,2.0362006227080562e-18,0,0.07248839275559307,0,1.1111338090052981e-17,1.0742992867369938e-18,4.5707129286478474e-18,1.3329402969876351e-18,0,0,3.3202499029200604e-18,0,2.4071574670902604e-18,0,1.0253583095061147e-17,6.970553443435466e-18,9.070890371445492e-20,1.6162676746856805e-17,7.768362654303658e-18,3.740477507948702e-18,1.2956239440404177e-17,5.027085265799207e-19,8.78582580506333e-18,0,1.9204388898018487e-17,3.0697088488638254e-19,3.3644668502520697e-18,6.476819945754931e-18,1.3703144312631622e-18,0,0
Cancer associated fibroblast,0,0.06408927634995365,0.007212006161537892,0.03238833959790302,0,0.12302352194363557,0,0,0.14012065078993458,0.1512730572400675,3.5108460226795506e-17,6.25120905994917e-17,1.7573849984113435e-18,0,0.07389808110021544,0.02295058245522786,7.04708449338553e-18,1.7861245313363214e-17,0.011203547032406938,0,5.184498910966719e-18,0,3.736686349648729e-18,0,0,0,0,0,1.3560262285325725e-17,1.7590210640482266e-17,0,0,0,0.06239446487648639,0.12556755506855982,0.012861780535917423,0,0,0,0,4.66982507658281e-18,5.5772572646827946e-18,0,0.015035677773670717,1.0101563170909391e-17,6.196063767001715e-17,0,0,0,0,4.846263371656716e-18,0,0,0,1.1217580059678295e-17,0,0,0,0,0,9.708535497435422e-19,0,0,0,1.3610199874677397e-17,2.497654415515242e-17,0,0,0,0,0,0,2.1425892136301e-17,0,0,0,0,0,1.767875181603049e-17,0,0,0,0,0,0,0,0,0
Granulocyte-monocyte progenitor,0,0,0.05624117452867514,3.4994726168567684e-17,3.3185705720879325e-17,0,0,0,0,0,1.0990331735384757e-17,0,0.04084205523405762,1.0233975857361734e-17,2.5772623068874426e-17,0.10221802814628157,0,1.5548604970929985e-17,0,0,0,2.877066813103849e-18,0,2.4170514146515517e-17,0,1.9398504689354536e-18,0,2.8193174472698165e-17,2.4445866504357297e-17,3.646464439382047e-18,0,0,3.035189727949017e-17,6.533474906564754e-18,0,0,6.5210073578577955e-18,0,8.372787359476803e-18,0,1.844845871872692e-17,1.3475529613361233e-18,6.458372005133094e-18,0,0,2.3383859886705084e-18,6.335873087477644e-18,2.1294576720059677e-17,6.021863382659595e-18,1.3741749706354945e-17,8.862305099536978e-18,0,1.0899275718096116e-18,0,7.381842459272283e-18,0,8.266860800973864e-18,1.5056309865709312e-17,1.1490796261091476e-17,9.497868151392448e-18,1.618891539969115e-17,2.7180958224207445e-17,2.1825863474272505e-17,1.201387395708713e-17,0,0,1.7515858315863456e-17,1.0634313272096146e-17,1.640498838395466e-17,5.704791898261746e-18,8.789438578602171e-18,0,0,0,0,0,1.3133643017058564e-17,4.207591666072757e-18,0,1.8422722933146885e-17,0,0,0,0,1.048596105659142e-17,1.4857086778775422e-17,0,0
Hematopoietic stem cell,0.08223208318313315,0.022274680681470958,0.020923435662837043,0,9.842158982754476e-20,0.16912413771599427,0.13727957636072086,0.07448676902655747,0.039417569892319024,0.07550254425432329,5.1303321093462504e-18,0.08122985777873475,0.007253163269800034,2.7978129582265954e-18,0.05193815613733937,0.4755885016027375,0.08059082093016141,0.10511281042757271,0.19940104421483015,0.11335053351000142,0.05302451997392677,0.04411859842680556,0.005181365003694959,0.014757054947249146,0.07390643492005229,0.053709495312804306,0.11400524970750021,0.054729648524026335,0.060530529565945665,0.06557591311511014,0.11006023224185,0.0404519996856318,0.03178072241961049,0.12286379808140152,0.03838011731189778,0.05475282616240153,0.057388748150786276,0.05181556168091456,0.05128108155012365,0.02333188167413784,0.0454206259302407,0.06724783726724153,0.057568008891936855,0.07810478111298594,0.045392880370638045,0.06657748852133394,0.05470082989254825,0.039171710182068976,0.05434217425086053,0.054347264484123574,0.053233487828173394,0.05325859663590584,0.0567862474615987,0.055136732308288236,0.05217386989861068,0.041574595291087604,0.05219982422758793,0.05349150918882821,0.052219483811414655,0.07736755256843894,0.0658518987616214,0.07283735240948887,0.051419957703445485,0.05380901628740702,0.055793228767497816,0.026652051574109645,0.053715154225185774,0.05406933164149742,0.056113839220201085,0.05299617174829226,0.07075783145104499,0.05511062311494874,0.04144769582784601,0.05385694725889981,0.09093039929722892,0.248818242458613,0.05224954870714551,0.31928934895541206,0.050902163537711397,0.054683521570411744,0.055629062770025925,0.040392349287162496,0.056716919533551374,0.06978293898798783,0.04991995477282638,0.05302517769718524,0.06580718925469667,0.05182982541017726
Macrophage,0,0.08847832804889523,0.020244190635244335,0.1754431209260268,0.01548269051117492,1.2788395339253526e-17,0,0.08547180636367344,0.02222328761753435,0.09954921169733867,0,0.027715429839279226,0,0.17618801473989382,0.03383137508461434,0.043920033458537566,0.007919593842274822,0.034856500506648305,0.01752100742332649,0.03461338973173898,1.5918359478279884e-18,0.04784624509831711,0.30968356655909257,0.09417090556497316,0.03263144127683659,0.03390600422125456,0.06654111061643131,0.03877881076843474,0.040104927784916145,0.03746212866493192,0.043222808091518156,0.17877663731858065,0.038570681519197694,0.11372888549205974,0.11555868216242272,0.14161358900971302,0.03893007018156429,0.05059092468460013,0.04705241711189479,0.06380025034046173,0.15917864083650834,0.04527026033835227,0.037690211014575044,0.07314294719181295,0.06722615728920031,0.126478496674807,0.038451779212374755,0.13416563891880381,0.03833233729262828,0.05565656616468117,0.03938456828728076,0.03301754725335057,0.03996415228682804,0.037064044727862275,0.03811232090412466,0.024751083022958077,0.07380473651308546,0.0395562956853994,0.03729784185314634,0.032184983695735823,0.02992568600835426,0.06917290290095549,0.03634879526198481,0.03748227472738048,0.03830032956658065,0.029238989415261134,0.037870275429412806,0.03849600412673673,0.04053442283732092,0.03973799571308508,0.034441028954036626,0.03737483333471836,0.038638067072738855,0.038190297771989797,0.014365971629574014,0.0030139457319402602,0.037790240620191415,0.036031255859354155,0.038497424681592465,0.03733139845356342,0.03658910658823838,0.045872885452170026,0.025695823704732335,0.026342709955810725,0.04140890800790436,0.06509363499284705,0.043241071271574456,0.027689063866033575
Macrophage M1,0.01776530622536871,0.04825121447425805,0,0.129866185622598,0.04047069591972566,0,0.013542874978200318,0.0463012049916112,0,0.053721496874215874,0,0.020793075636821062,0,0.11062859063395743,0.01976367933666858,0.025419752363822087,0.029530884378262005,0.033420521409019674,0.013389186968045877,0.06995933786102064,1.7343954102996477e-18,0.03344821215787223,0.14200633712559807,0.08298520154067558,0.036165651899365096,0.03540823208665925,0.04772418602670527,0.040371703497352404,0.04026189918581621,0.03761042297022944,0.02266698684503972,0.0958362111489918,0.03237702952039293,0.10154719280785758,0.10946652145104213,0.07459147833297548,0.03647458267546074,0.048239310666266855,0.040070736186358445,0.052646394768604055,0.15544452580263585,0.07774435664775212,0.038051985933765554,0.06071113710568348,0.07495127776171157,0.07362601810495267,0.03884213179873559,0.09319230799684747,0.03884945188229751,0.04314910984120831,0.038425543020826174,0.03139583151060636,0.0396395483958251,0.03809629271962137,0.03846403199219543,0.04045060034237725,0.10565888406268312,0.04064193153517266,0.037970609433135294,0.028391884744232068,0.025239765292161126,0.04563739593198259,0.04459961045995303,0.03990943868822033,0.03877685035015369,0.038410319603316916,0.03949730869292479,0.03891892300433249,0.03829186236216643,0.04266325527091337,0.03865004999333837,0.03790023510970768,0.04031425494721848,0.038653482537584806,0.011122241933524237,0,0.03848745756843876,0.03684845521416312,0.03761416540487237,0.03881601433800413,0.03816854194519432,0.03780219778244761,0.04074777693560452,0.03902869947403586,0.03895394117039539,0.046614711598040995,0.035025485184561916,0.03667134209072445
Macrophage M2,8.894867912631853e-19,0.023963826942481885,0.00119929872252934,0.048136048287382924,1.324393838437008e-18,0,0,0,3.2810076387947645e-18,0.0033064560086558887,4.0226894212916513e-19,1.0499937867001304e-18,6.463252086200915e-18,0.08033789509927912,0.008353705535994554,0.005738728654809983,0.014412481131144612,0,0,0.026597881983509347,1.1309782462873348e-18,0.0341825542501345,0.13258289836336024,0.016862035006591627,0,0,0,0,0,0,3.4137510211121268e-18,0.03466591274213531,0,0,0,0.019722686865518594,0,1.1612558140730363e-18,1.2096984202328861e-17,4.923875951742854e-18,0.027213531013047798,0,2.287760304228526e-18,0,1.5869262711611762e-18,0.019708275421497286,0,0.02578550742484324,1.124730825466014e-17,0,1.796931619366752e-17,4.3062744102677614e-19,4.271828637245419e-18,0,0,6.266152771492683e-19,0.018884366787782086,0,4.86419865128593e-18,1.3698296237111641e-17,1.7898615432230652e-18,0,0,9.431785551200044e-18,0,1.5342772945237478e-18,3.80817808869163e-18,0,0,0,0,0,0,0,3.632540010422829e-18,6.349575575636382e-19,7.781440487163516e-19,5.5108464244372846e-18,7.686712373926447e-19,3.2448662616782782e-18,1.456492549037356e-18,0,4.743920246771389e-18,3.054327947353651e-18,0,9.581899449401743e-18,0,0
Mast cell,7.594883284453529e-19,0,0,0,0.005209787398883694,0,4.776586294256692e-19,0,0,0,1.2939119823428228e-20,6.976522594286554e-18,0.003978886022599929,0.0015393818259731016,0,0.008754376471382982,0.02818015885394501,1.8533123121388795e-18,0.010890401011181293,0,0.04393361097782255,2.7451741093779664e-18,9.029908924103263e-19,0,0,1.3066387900348717e-17,0,0,6.71506752367922e-19,0,2.934063487182123e-18,0,0,0.005317972683144303,0,0.0018576337974901104,3.4179219216747416e-18,0,9.651320689313782e-18,6.668053006232365e-18,1.6036200283514486e-18,4.30356528199221e-18,1.630382378222904e-18,0,2.355530088904081e-18,4.833430512670049e-18,5.18747550026285e-18,5.785744046894475e-18,2.685313502985065e-19,0,0,0,6.68010208498248e-19,0,0,3.440105117465349e-19,1.5806254975270205e-19,0,9.824053845550137e-19,0,4.656128823574557e-18,0,2.0111044248749908e-18,0,3.753964598609686e-18,8.64265295379777e-18,3.3094740661165953e-19,0,0,0,5.840297805364459e-18,7.557450734400409e-18,1.2383553529721336e-18,5.807545701193737e-18,0,0.015314560078509187,0,5.141301890127416e-18,1.3962132010561207e-18,0,0,1.254809347434915e-18,0,0,0,0,4.184651872436477e-18,0
B cell memory,0,1.0769646479045421e-17,0,0,7.457314798516341e-19,0.12424388356886414,0,0,1.3197016559936356e-17,3.9503919771331137e-17,0,2.885111045149429e-17,0.006120212676186325,2.297478227228831e-17,0,2.8945164145048705e-18,2.7562435248332203e-18,0,1.2390825687408615e-17,0,4.135094508226644e-18,0,0,0.019221865099084783,1.0197329713808856e-17,0,6.501849476006547e-18,0,1.6909443383255658e-17,0,0.1275616619026925,4.655382485524368e-18,0,0,0,0,0,1.9238903960688532e-17,0,2.1720424098904e-18,0,1.3110851467534682e-17,1.7695988145198936e-17,2.36580024483386e-17,0,0,0,1.7273586830026164e-17,1.5668018105034118e-17,1.8132812556481042e-17,4.142547361949875e-18,9.98350251348699e-20,0,1.498341414120965e-17,3.323573490934335e-17,2.4418914013384955e-18,4.755063797888332e-17,1.9639429616129478e-17,1.1825785623293971e-17,5.210096210258933e-19,0.10730354827474965,0,0.010620259195184558,7.472095775858214e-18,2.5846499314131945e-19,0.006073908414018769,3.104097270596453e-17,1.37351719305811e-17,0,1.5514306820729953e-17,0,0,0.014960290474102328,0,0.0031633150496898593,0,1.2861416876200817e-17,1.11946725896104e-18,0,0,2.5047595623321366e-17,0,0.05744742092970496,0,0,1.6742760579129847e-17,0,0
Monocyte,0,0.18236896301279315,0.017875685594621358,0.3020054655553729,0,9.200605928778159e-18,0,0.032558819709831245,0.169814247243693,0.038871576568145626,3.8176462834431536e-17,0,0,0.22200019031625298,0.1474649940233215,0.15726394732119203,0.01340137737906525,0,0.06926738643278378,0.1907722153444653,6.385740314607285e-19,0.07843413652787104,0.3843439388863561,0.11051460917438471,0,2.947089036685586e-19,1.3914587712909423e-18,0,2.879586995644716e-18,7.91262691130332e-20,0,0.24164550049557976,0.08350547110244287,0.37702135654465435,0.14185227298721045,0.5403638109635965,1.7189244475384078e-18,0.009962824959020889,0,2.0849412252840054e-20,0.11392528796551551,0.10868694242751895,0,0.053930910975124355,0.11421352082271882,0.07603808721984863,0,0.03515737563406913,4.032805268404145e-19,0,0,0,1.5448072146970892e-18,3.590481955308456e-19,0,0.002115096033587826,0.17830950450512928,1.042299331114868e-18,8.053821101490682e-20,0,0,0.017006396367573187,1.5550458319431128e-18,3.9655605922974776e-20,7.677116994889601e-19,4.511735274685991e-19,0,0,0,1.9707783909362113e-19,4.663428683039239e-18,5.197271683642167e-19,0,0,0,0.022193915266815883,0,0,2.0386777555533582e-19,6.929503249255684e-20,0,0,0.09061180074473613,1.4623436166678316e-18,0,1.3200379889386146e-18,0,0
B cell naive,0.10374251975477645,4.009629736477985e-17,0.06906883241257925,0.0759592166805429,0.10486711331326735,0.056815976747800846,0.06108538655175942,0.09976455759272727,0,0,0.024067617374489182,0.07343641965012755,0.042584264113697486,0.002324086880029565,0,0.009927150990105809,0.10499717372597708,0.1069896984622294,0.06137698340592403,0.029094171698485584,0.02208587850592944,0.10210713914392895,2.9915084847307643e-18,0.06140399927159397,0.10820098048121123,0.10628340149659153,0.09860034114283654,0.10691775176294722,0.12615775304976584,0.10507239529195263,0.16751976344364322,0.06313407515008426,0.06207402587991442,1.1478002760226186e-17,3.15706612442553e-17,0.02076839441735481,0.10639744572723574,0.11078251953652606,0.10687756637035438,0.1113466653885784,0.0099061063206146,0.039096956297595443,0.10602643542627306,0.045800478298053345,0,0.15255222809891403,0.10678438130804423,0.034171721877351964,0.10660490140498009,0.10415386513989708,0.10679941736059237,0.07859011708153193,0.10731296177403003,0.10595531398989086,0.08643042074675987,0.07532337497176539,3.5825847569198124e-17,0.10654050217170899,0.10775957776508382,0.09349127118483792,0.03857319787929457,0.08185473735117628,0.03951701781284592,0.08746187040761487,0.10482184069727912,0,0.0855430266152282,0.10664502073159164,0.08905997765188817,0.10653009778470002,0.10805965251983839,0.10586558361020454,0.0818308045983442,0.1066540347787363,0.04740746855165205,0.023150571716029522,0.1059368508487134,0.07651594929132494,0.10655123860225033,0.10446916914501518,0.12120981046249743,0.10349111330768987,0.11048398941589617,0.11811781963174803,0.12205270306726038,0.10995613913744888,0.11961676854982191,0.10985772682372999
Neutrophil,0.04477039021039388,0.3255413751600947,2.8881429172912805e-18,0.06235194162366535,3.677603087956479e-18,0.008055962758129552,0.04368160217847726,0.06841324017530591,0.3078007616611718,0.025686029571234496,0.19228977034689737,0.02784196442819662,5.138307401873208e-18,0,0.17128237223102827,0.17289873335335762,0.04808386530026701,0.03265630718613978,0.14958442038067593,0.08262616899166501,0,0.028897088959932118,0.010626102583907051,0.01932395552638163,0.04179979595042572,0.043005510570180636,0.04365238929022507,0.04075591323368303,0.04302871872356607,0.038802718089886924,0,0.1377922446978309,0.22037378361673485,0.15019528270857788,0.12646968881005363,0.2006191508778958,0.04372974536888398,0.05970531553801529,0.03596084875453948,0.04312502140866224,0,0.04215501314277219,0.03901321402489251,0.08423328568733664,4.269716564590684e-19,0.023561387354536792,0.04207240577156244,0.059605397190863676,0.04112522720480858,0.04132862886370653,0.04141029931947565,0.03766728227007024,0.04203090335597167,0.04013039205323451,0.039360969465292134,0.04838836847987975,0.043661998396681695,0.04021776479350419,0.04019469438735614,0.023986799705622876,0.006578418478740438,0.030702254879543023,0.03570499027477882,0.03883825053432105,0.03978389720657754,0.02769902241910703,0.043572135711883356,0.04045739424859513,0.04004987584039219,0.03967473110010349,0.03872042096625288,0.0346694039850528,0.029480376635902375,0.03912115489148139,0.01078959673130067,0.051952771198774665,0.04170761837288743,0.046951831820428724,0.03875484436342563,0.045493717230773195,0.037932745692587345,0.0268952315429349,0.12509879593723225,0.02403658462057354,0.03809714934968096,0.03903327921604906,0.04957444458406197,0.06229467034794281
NK cell,0,0,0.014159846448395687,0.10995107124746704,0.11494706390380045,0.023869627509916766,0,0.026240119132147757,1.0681345671055165e-16,0,1.500223197973442e-20,3.0130417272545937e-17,6.418032407815493e-17,0,4.005487996158781e-19,4.6174069796019423e-17,0.05219773782125784,0.025486129524271754,3.50644022871131e-17,0,0.06521643603814807,0.023264200682870367,0.03647195686639861,0.14123196857655967,0.0025371722973867566,0.028962948812716736,6.435336028204365e-19,0.02965170221640114,0.025881122646245813,0.02685939545342267,2.3800490098816215e-18,0,0.03062182657509865,1.8406288994289024e-16,1.7450306306244764e-16,9.777947157992743e-17,0.042327739794507324,0.06468154568631738,0.03950292262242285,0.04617085995220329,0.20397676929876793,0.05490494319487124,0.029081055914482346,0.08329440137136117,0.09914643816420562,0,0.029459290361147184,0.06110614195907466,0.030073519436890916,0.030914848733809914,0.041267337565239114,0.027101001546984374,0.03687866438446587,0.03355219541571292,0.025763851466562345,0.3759139600923816,0.0710455907652858,0.029511359869951022,0.027305152709186986,0,0.00332465507689582,0.09091219158847523,0.011533251027772926,0.0303794288040399,0.028310446560342737,0.011542285903266157,0.03178449830870189,0.029533073132056366,0.03291901281953703,0.028722094176316854,0.026370175296005594,0.023285648364154168,0.03066904790092446,0.026127513119174873,0.019054859198113012,0.13039647636708368,0.026286834410867172,0.02250867691499423,0.028980575472828056,0.05020641813177625,0.030585380712824753,0.10700489966924649,0,0,0.02427551089334744,0.029194220839457833,2.1996592911829804e-19,0.009373538183339584
T cell NK,0.26405424399583327,0.24757461799684083,0.20348927042158554,0.2229857176369388,0,0.42556921161387173,0.22368806057582394,0.41056716399624027,0.2189288791958694,0.17039376869950948,0.004988952809091515,0.18768437577646013,0.11399032259829078,0.35561593708274974,0.0713131243513289,0.03017851363975977,0.414477057320139,0.20861771968778484,0.48395998354117103,0.3575373015532071,0.22747214050593967,0.30328525913038806,0.32160468191950686,0.24633108008929264,0.2528985660056535,0.24667384697746075,0.2188210502959117,0.23960562661197857,0.24777783443120371,0.23711135924958918,0.21895763721787803,0.521609383099234,0.22970869735131083,0.5212877620309977,0.26937536388026656,0.38977495640028165,0.24258911199581717,0.24000489526382807,0.2314131826646097,0.29015937704896777,0.1419307217542335,0.2748096067990648,0.23679226531919134,0.2652435734943345,0.20917687513194602,0.20878528062349658,0.2384014629922694,0.24278259031460925,0.2380031306738013,0.23892819874845364,0.2329657815025865,0.28928096962125516,0.21781768944498756,0.23962933904768555,0.23775819237108226,0.04985571586520533,0.3909139551702216,0.23825034218323446,0.2346929516091457,0.2845212220673626,0.2290631369941757,0.3205799968594386,0.22860406210766956,0.24041058026402834,0.23785348625846114,0.20730263770745147,0.2379310019807095,0.23833597315089103,0.23957591077857404,0.23649556644514233,0.23539958699254987,0.2367421190676162,0.22915896428728127,0.23811757620359278,0.25242981904095185,0.3476061889103953,0.23657943934784573,0.17028925082179258,0.24336032411893,0.1875768853490262,0.24146081673745334,0.22264300629208061,0.4444446390430344,0.2684021894449629,0.23405141408936803,0.23794115869875,0.25289223638922925,0.22854189633607844
Plasmacytoid dendritic cell,6.294277412967606e-18,0.012358014069251768,0,0.15233917637658198,0.003427126308577579,0.058447548478519074,0,0,0,0.014754592489077793,0,0,0,0.06855200457456993,8.282928614717315e-19,1.0402444636431705e-18,0.003988062320571381,5.147999395236799e-18,0.03403727646329967,0.03471732027462797,0,0.005187235982782573,0.1160095842021773,0.11475975078697934,0.0026433589130041364,2.087294480233068e-5,0,6.87405349440103e-20,0,0,0.002347068004387323,0.07748845331922055,3.357608835595607e-18,0.11257789874473935,0.1705876044209296,0.09454884074348985,1.7111701208274478e-20,6.433558367526795e-4,8.054489795033366e-20,0.003513015263118706,0.16751818061967047,0.04424663582809898,0,0,0.139899287548325,4.404728171477591e-20,4.623143649565638e-20,0.05650788409148513,0,0,1.283584256089346e-20,1.54485161199609e-4,3.844320130875513e-21,5.820162484064049e-20,0,0.02085881061512559,0.2263031356464905,9.587400878914948e-20,0,2.9392051275107333e-18,0.038098788197796225,5.541570114347845e-19,4.8302440245499145e-20,2.832434733170342e-20,0,0,1.3338606025551122e-19,1.0225928221782016e-19,3.6381872975553485e-20,0,0,0,1.942143192049368e-19,2.1273402615561198e-4,0.026023076201557666,0.021067237661297724,0,0.014928321602276255,4.9314442784645774e-20,3.453327772890037e-20,1.328596677302857e-19,0,0,1.146701866177687e-19,0,1.7831651297615412e-20,1.6077553028484605e-4,0.03497474610206977
B cell plasma,0.039548884672973725,0.23942635103536994,0.024534863858589603,0.10737815508997567,0.062120658373551414,0.06721031096935132,1.2185660278558867e-19,2.292036457006309e-18,3.464130661002324e-20,0.027203719198676368,0.6614114611028062,0,0.01128595071929505,0.07701666966890025,0.2144887094111548,0.09885116623791694,0.03751690558805516,0.0011399069250988825,0.1029592301032861,0.0425110283314122,0.37855301712037026,0.007925014073240519,0.022923632780797218,0.02900019955624175,0.007819693555773175,1.5856067191992428e-18,0,0,0,0,0.06446840957823592,0,0,2.436114101780984e-18,0.007321937590938445,0,0,2.4779473647879404e-19,1.4945645748250715e-18,0.010685766687608745,0.0042036493523220685,2.3800766245303468e-18,3.164084681476929e-20,0,8.465045990000347e-18,4.3279889693916923e-19,0,0,5.488917825807039e-18,0,1.0045582222479015e-18,0,1.976251721577808e-18,1.1164366347957682e-18,0.015153295468638094,0.055768551223653116,3.2744200785960785e-18,1.9321181447773088e-19,0,0,0.3574232469381163,0.005503498620805739,0.06222895595822007,0.01574368624865363,3.602444509998557e-18,0.32984745252826764,0.015374432299646867,6.552072818924716e-20,0,0,9.147695844980453e-19,0,1.7771761286544043e-18,0,0.045760107293470326,0,3.4254250627905547e-18,9.790998958757757e-19,1.581947771743018e-18,0.004161525185827821,0,3.68380305815803e-18,0.010686402013593386,0.04783387745783179,0,1.6707864325901603e-18,0,0
T cell gamma delta,0,2.3404295071007095e-17,0,0,5.3173778808943706e-17,0,4.5646525748603506e-17,0,9.183393097267357e-17,2.789987362079936e-17,1.6652659207465892e-19,0,0,0.016366374437298725,3.072046637431656e-17,9.194387750048586e-18,2.4735695152402187e-17,0,0,1.133140955075765e-16,0,0,0.0696464053424788,0.010505373881554769,8.229106436137668e-17,0,0,0,0,8.150857630752752e-18,7.843103031787376e-17,0,2.4483078803725812e-17,0,2.9325675293604627e-17,0,2.6749974467165783e-17,9.880453410137309e-18,0,0,0.02675824137853492,6.078429121790774e-17,2.7232907734025625e-17,2.992238387165951e-17,0,0,2.859969341904525e-17,2.0532217370499798e-17,3.193445379266335e-17,2.0369076143651457e-17,0,3.009271149339331e-17,3.056575158224922e-17,3.40410307118712e-17,1.5186115459652086e-17,5.053529655983169e-19,0,2.280357015033628e-17,2.445941109043117e-17,5.379338128998348e-18,0,6.292772569798707e-18,0,2.2439141207113788e-17,3.008329403696371e-17,0,4.5989803268410626e-18,2.9546690722117004e-17,1.1528465425297477e-17,3.7641324211542383e-17,4.1481953648233527e-17,5.9639172674227326e-18,9.513998085597038e-18,3.6129613147228526e-17,3.6552922915841975e-18,1.5069294372442185e-17,2.924129817569909e-17,0,3.94456778679232e-17,3.4343144655247793e-17,1.4018874060907324e-17,2.5176503961599742e-17,0,0,4.6265044283470185e-17,2.6565284136415245e-17,0,6.0191166035608225e-18
T cell CD4+ Th1,1.602921557527569e-17,0,1.017304868824884e-17,0.4125782724949876,0,1.989023096458042e-18,0,3.0993108662639263e-17,0,0,0.10053843951393343,0,0,0.04166898769770377,0.0019342424517825375,3.0389346953627597e-17,0,3.1004153288904735e-18,0,0.5732559448112384,0.3532688254550563,0,0.49219140874795025,0.010397302701344703,0,0.014088947685737294,0,7.085347756326646e-18,1.7833096302477054e-18,7.770244947850287e-18,0,0,8.05655536597587e-18,0.005558812641712932,0,2.2883462471048765e-19,6.0829874792086486e-18,0,2.0410831740710913e-18,0.007614824001037244,0.12562307485674795,0.03473608275645884,3.519664748168166e-18,5.999861223108222e-18,0.0717888545654639,0.015127747083915219,0,2.956141542390775e-18,0,0,0,0.014786683665786086,1.4653912687623642e-17,1.1746891969810864e-18,2.5208127059517412e-18,0.061120699432775163,0.2537291457802623,3.742248852570652e-19,3.3198767227461516e-18,0.013757969238407738,0.08200073883263875,0.10618356129642934,0.00642120011566546,4.31207757320204e-18,1.1153506013928574e-18,0.06014255076310542,1.4954022468381974e-18,3.996113426887626e-18,0.0025139813309097625,3.1279497667874432e-18,0,2.8572890260045372e-18,0.0014316028388454889,1.3151248988139285e-18,0.01978108745447509,0.03674769201419424,2.5174866439304316e-18,2.4438236773408002e-17,0,1.8345141842503068e-20,2.6467770093058763e-18,6.257276835090642e-18,4.485230141085132e-20,9.570124405977885e-18,0,0,0,4.225403005546698e-18
T cell CD4+ Th2,7.454022262941851e-18,0.0134136020053665,0,1.138603958768136e-17,0.03326398004658366,5.736310111542653e-20,6.367358517070022e-19,0.01229494789529538,0.12442515055113211,0.24311532296412194,0.445336609283538,0.04282700730964119,0.03843852790362586,0.08228234950853067,7.97828603217371e-20,0.17361741575181838,1.7306520472373815e-18,2.3446653935849706e-18,0.06743104570452917,0,0.07175874589450518,5.237483123226884e-17,4.392197730956711e-17,0.16418419563621725,1.2024101581552281e-19,0,1.5027226773511942e-17,3.645425838173076e-18,0,9.210723618923562e-18,0.04779815014136283,0,0.015663182323576105,0,2.831037476496262e-17,0,1.1289032425847501e-17,9.622748572488114e-19,0.014194307821595125,6.096338930525291e-18,0.03775814014327905,0.026094820429048232,5.032167995158913e-18,0.17490549265255917,0,0,2.8005597448824624e-18,9.00291033921368e-5,2.2605455679280104e-18,3.48157291810951e-18,0,1.6845637332139853e-19,0.0017070137331579992,0,1.259620842196676e-17,0.024355566615062055,0.020765561063171963,1.1047516847367414e-17,0,4.872464513664937e-4,0.03644453770250808,1.3471333369501523e-17,0.054998071898720274,0.030911436793292536,8.704186961118328e-18,0.17767881728945623,0,5.624506737461391e-18,0,0,0,2.1645543050153082e-18,0.007586010803719779,4.9829988084183415e-18,0.11385890558835922,0,0,0,0,2.0388334472143575e-18,2.8851418787894797e-18,4.899393194851287e-19,2.4039987467586556e-18,0,5.803830085230613e-18,4.190768318007354e-18,0,0
T cell regulatory (Tregs),0,0,0,0,0,1.9429207746883188e-17,1.0849446594819292e-17,0,0.050418128606829336,0.14835679290562725,0.044136653563885575,2.0974278901525757e-17,0.005252704068598471,0,0.017207805882659934,0.03437865047484938,0.012319627312041713,0,1.0536320143104744e-18,3.4290792488049143e-17,3.409730135994733e-17,1.8097310165157876e-18,0,4.790419985881167e-17,1.4758626213639684e-17,5.363712657369807e-18,0,0,0,1.4153766510864397e-17,0,0.06405816958225172,1.0857545301554323e-19,0,0.05234266417402145,0,8.642897274647815e-18,1.2575750062810303e-18,1.998994951708758e-17,1.7016520755819427e-18,6.024868411170484e-18,0,0,0,1.3850659814995398e-18,5.879615481407859e-17,0,0,0,0,0,0,5.441407848024044e-19,9.214558816406497e-18,0,0,1.1176771413789414e-18,6.926727773072006e-18,0.03498236482646414,6.89536250654443e-17,1.8314040186200366e-17,0,0,0,1.2975483857922572e-17,0.0014630783370490025,0,0,0,2.9942213136300174e-18,6.719844324407363e-19,1.1790721767759838e-17,9.649098873735179e-18,0,8.061365038983453e-18,0.10459791866463686,0,0,1.1635019021723998e-17,0,1.4057062119244856e-18,5.087312083684248e-18,0.003940656313447509,0.015777136657114336,0,0,0,0
immune score,0.6484143543703663,0.5781614365002082,0.7561096812170708,0.9544287304335278,0.8608453003653236,0.5212741791159858,0.5722043159342786,0.5773338518234085,0.4324905622795743,0.41069900798932285,1.1350691630615881,0.7310861418660037,0.9878239746718185,0.5771032192542898,0.5288023707529346,0.5517549541421664,0.8885945384387105,0.648472424232123,0.6091240863210561,0.33400304394942887,1.0439914158029673,0.7158496380513819,0.6780537833741295,0.7521845138301084,0.7724609540488186,0.7266211190458661,0.6965920468880445,0.7123050363199789,0.7283653315746155,0.7008104532630002,1.0879899500390564,0.616343278505585,0.7303636806392064,0.4334233564984144,0.28114771834835556,0.6704929868201078,0.6633864816391736,0.689872864779391,0.6897094666282343,0.7408806982867683,0.8916777360616636,0.5089550307133784,0.7062386114971573,0.5862887264147649,0.5378425345495872,0.8398641713821785,0.7113527571855354,0.5998633596416337,0.7105531504627635,0.7164998569878946,0.7204243760928178,0.7127651789579844,0.7279038535319061,0.7151538508956746,0.7173819669510634,1.0059337240606874,0.46245810432012374,0.7094815167174607,0.7131050850507945,0.7475329576352886,0.9709619187665245,0.8170094066879233,0.7651149881607225,0.7201682633919702,0.7195698866178782,0.7770756336506538,0.7196504173045649,0.7099280694767366,0.7143856920294253,0.71840998374321,0.7116882282634679,0.7113699792452927,0.7218194560421348,0.7168095712746556,0.7199971671822524,0.6308721779495144,0.7154159838538976,0.6868055007344035,0.7084548023600235,0.7308825938072614,0.7590166397352148,0.7461647591852797,0.8898224399917792,0.8051096774160066,0.7147593592624569,0.7357839547806219,0.8950831027671655,0.7156329864348484
stroma score,0.009649216708113369,0.032044638174976825,0.003606003080768946,0.016684807979571472,2.56269144875979e-20,0.09805478719727237,0.019783013699813244,0,0.07006032539496729,0.07563652862003375,0.006814681788812609,3.1339456501878647e-17,1.0482590580534525e-18,3.857101031991744e-19,0.03694904055010772,0.01147529122761393,3.523542246692765e-18,0.03055825475542869,0.005601773516203469,5.631835764914357e-18,7.065298377235502e-5,2.622716074537515e-4,0.005771541346596031,4.160068393342605e-19,0.001809801261807892,9.911911676070975e-4,0.01842871952423469,5.083680207689016e-4,8.523064547569905e-4,0.001850351829148521,0.005036512070905796,1.1688721919981851e-4,4.0774545114023925e-4,0.037106614398605305,0.06278377753427991,0.009241241370180037,2.2559788828945787e-4,5.669688227622168e-4,9.357127299769492e-4,0,4.128491151767901e-18,0.0010903357860541979,4.3516487284747e-4,0.008069456555552815,5.1415524332027904e-18,3.0980318835008574e-17,2.426022487217297e-19,4.0576197795799295e-19,5.241316533300331e-4,7.219412857203275e-4,3.6099726081043905e-4,1.5681946776455098e-18,9.479036120301057e-4,7.544069573367737e-4,4.011627506433953e-4,0,5.619231591856024e-20,3.3808183227390865e-4,4.4773679788339294e-4,7.419030057635236e-19,4.854267748717711e-19,3.723577921833731e-4,5.477214963925353e-4,7.473698805937003e-4,6.812337910617993e-18,1.2501709375325649e-17,3.6523568827712566e-4,5.11671741943531e-4,3.281893804196237e-4,4.5569380526236e-4,3.097246412866497e-4,3.5619700950233977e-4,1.0901883650464246e-17,4.487860673117817e-4,1.1675015698951583e-18,1.2981179952883077e-18,3.682835982379094e-4,0.002788203844244702,8.965378369695964e-18,8.993567523609005e-4,2.2650487586877913e-4,0.0012759211122430124,0,7.107938756757738e-19,2.369358426033444e-4,6.383452971460015e-4,0.003407244767551716,9.349027619043297e-4
microenvironment score,0.6580635710784797,0.6102060746751851,0.7597156842978398,0.9711135384130993,0.8608453003653236,0.6193289663132582,0.5919873296340918,0.5773338518234085,0.5025508876745416,0.4863355366093566,1.1418838448504007,0.7310861418660037,0.9878239746718185,0.5771032192542898,0.5657514113030423,0.5632302453697803,0.8885945384387105,0.6790306789875518,0.6147258598372596,0.33400304394942887,1.0440620687867397,0.7161119096588356,0.6838253247207255,0.7521845138301084,0.7742707553106265,0.7276123102134733,0.7150207664122792,0.7128134043407478,0.7292176380293725,0.7026608050921487,1.0930264621099621,0.6164601657247848,0.7307714260903466,0.4705299708970197,0.3439314958826355,0.6797342281902878,0.663612079527463,0.6904398336021532,0.6906451793582112,0.7408806982867683,0.8916777360616636,0.5100453664994327,0.7066737763700047,0.5943581829703177,0.5378425345495872,0.8398641713821785,0.7113527571855354,0.5998633596416337,0.7110772821160934,0.717221798273615,0.7207853733536282,0.7127651789579844,0.7288517571439362,0.7159082578530114,0.7177831297017068,1.0059337240606874,0.46245810432012374,0.7098195985497346,0.7135528218486779,0.7475329576352886,0.9709619187665245,0.8173817644801067,0.765662709657115,0.7209156332725638,0.7195698866178782,0.7770756336506538,0.7200156529928421,0.7104397412186801,0.7147138814098449,0.7188656775484723,0.7119979529047545,0.711726176254795,0.7218194560421348,0.7172583573419674,0.7199971671822524,0.6308721779495144,0.7157842674521355,0.6895937045786482,0.7084548023600235,0.7317819505596223,0.7592431446110836,0.7474406802975228,0.8898224399917792,0.8051096774160066,0.7149962951050602,0.7364223000777679,0.8984903475347172,0.7165678891967527
